id,y_true,y_pred,absolute_error,relative_error
1768474923.507257,388584.15,358423.57,30160.58
1768474928.514747,342772.94,357054.85,14281.91
1768474933.521198,161242.73,174134.43,12891.69
1768474938.525132,475137.54,349799.77,125337.76
1768474943.532652,156203.57,176900.61,20697.04
1768474948.539421,288414.08,226491.94,61922.13
1768474953.545772,137172.67,148549.8,11377.12
1768474958.552254,63936.77,144835.14,80898.37
1768474963.558881,213162.45,240319.05,27156.6
1768474968.564583,248690.3,216746.77,31943.54
1768474973.571132,179964.49,244832.47,64867.99
1768474978.578429,315912.24,295492.45,20419.79
1768474983.582306,160159.94,267413.85,107253.9
1768474988.588964,428199.24,298489.99,129709.24
1768474993.59246,54140.4,220628.2,166487.79
1768474998.598661,247759.42,242888.58,4870.83
1768475003.601247,350308.02,340037.0,10271.02
1768475008.609615,75709.72,127284.19,51574.47
1768475013.611214,468701.87,344354.05,124347.82
1768475018.617813,487048.96,487812.15,763.19
1768475023.621175,142791.22,162468.04,19676.81
1768475028.62623,253237.55,237649.76,15587.79
1768475033.632859,360114.51,277457.74,82656.77
1768475038.639253,322564.66,231654.26,90910.4
1768475040.453205,353977.76,228839.74,125138.03
1768475041.455143,434778.82,324693.31,110085.51
1768475043.646522,367726.15,289964.88,77761.27
1768475048.653448,157644.99,174087.61,16442.62
1768475050.173139,464246.79,314125.63,150121.16
1768475051.174606,188236.03,224506.96,36270.93
1768475052.175656,54464.15,209853.08,155388.93
1768475053.176363,57708.36,302311.44,244603.08
1768475053.661047,113506.75,168372.48,54865.73
1768475054.178026,142318.76,235657.01,93338.25
1768475055.180305,447240.94,371356.29,75884.65
1768475056.181451,355575.39,219173.09,136402.3
1768475057.182833,466940.51,241213.38,225727.13
1768475058.185007,237813.97,281061.41,43247.44
1768475058.666626,113829.98,190371.14,76541.16
1768475059.18632,231254.69,289659.11,58404.42
1768475060.187311,224239.8,270625.42,46385.63
1768475061.189065,375058.7,322077.52,52981.19
1768475062.189979,445624.35,256351.94,189272.41
1768475063.191481,206100.57,222969.35,16868.78
1768475063.673646,432642.97,497504.81,64861.84
1768475064.194632,199973.47,206205.97,6232.49
1768475065.195675,197443.53,332065.39,134621.86
1768475066.196744,136486.33,200811.61,64325.29
1768475067.201531,399201.71,232718.84,166482.86
1768475068.203062,314335.3,253544.95,60790.35
1768475068.67782,390861.07,341727.73,49133.34
1768475069.2038,415867.42,278615.4,137252.02
1768475070.204846,65381.16,305669.86,240288.71
1768475071.205683,206935.91,219845.55,12909.64
1768475072.206778,301065.75,240283.19,60782.56
1768475073.208178,270900.88,221709.4,49191.47
1768475073.684193,137051.25,168757.59,31706.34
1768475074.209519,241069.51,219336.15,21733.36
1768475075.210724,177123.92,253759.53,76635.61
1768475076.212087,320634.79,316013.23,4621.56
1768475077.213037,236337.73,245105.03,8767.3
1768475078.214484,327019.57,293573.58,33445.99
1768475078.69102,289369.84,300914.76,11544.92
1768475079.215705,319101.73,193135.1,125966.63
1768475080.216859,333485.78,199276.18,134209.6
1768475081.225949,438887.97,284216.38,154671.58
1768475082.227397,355584.89,208412.83,147172.05
1768475083.229903,255581.06,291121.03,35539.97
1768475083.697538,218050.07,185076.22,32973.85
1768475084.231886,322050.72,228623.14,93427.58
1768475085.234656,433964.25,267445.94,166518.32
1768475086.23624,288493.13,213108.74,75384.4
1768475087.237326,453960.85,278983.88,174976.97
1768475088.238819,85305.19,255322.33,170017.14
1768475088.702587,407598.3,372640.75,34957.55
1768475089.240117,452078.03,227993.78,224084.25
1768475090.241386,271535.2,264136.8,7398.41
1768475091.242709,53023.47,256372.76,203349.29
1768475092.243694,151687.84,309608.16,157920.32
1768475093.244453,394792.95,230176.27,164616.68
1768475093.709018,415542.8,344280.73,71262.07
1768475094.246654,92702.22,337482.88,244780.66
1768475095.247285,458912.26,257970.31,200941.95
1768475096.248299,63724.16,305991.71,242267.55
1768475097.251093,191828.76,200890.36,9061.6
1768475098.25185,354524.69,244573.48,109951.2
1768475098.715931,347327.33,335446.02,11881.31
1768475099.253063,280248.67,271404.16,8844.51
1768475100.254427,350584.37,204609.43,145974.94
1768475101.255335,262480.0,217087.65,45392.35
1768475102.255992,276113.45,300203.12,24089.67
1768475103.257005,103193.09,236000.04,132806.95
1768475103.72409,165703.33,233806.89,68103.56
1768475104.258268,214311.94,250098.19,35786.25
1768475105.259754,349989.24,237806.2,112183.05
1768475106.260781,295981.34,225999.18,69982.16
1768475107.263979,471811.93,295252.24,176559.69
1768475108.270422,400885.11,377336.61,23548.5
1768475108.731735,306640.63,233019.97,73620.66
1768475109.271628,491784.2,170907.42,320876.78
1768475110.275075,369999.76,227410.28,142589.48
1768475111.276495,144272.71,273525.78,129253.07
1768475112.277441,236911.84,237256.79,344.95
1768475113.278665,227169.49,242315.55,15146.06
1768475113.738064,126845.72,192103.75,65258.03
1768475114.280197,85635.23,305978.88,220343.65
1768475115.281064,281675.11,256613.63,25061.48
1768475116.282639,265584.63,290971.0,25386.37
1768475117.283984,391769.89,232569.16,159200.73
1768475118.290102,403368.09,195202.52,208165.57
1768475118.742385,387801.06,406918.41,19117.35
1768475119.291387,192873.21,291685.7,98812.49
1768475120.292628,159431.65,333418.52,173986.88
1768475121.293573,291813.31,285326.39,6486.92
1768475122.294664,87521.07,247276.21,159755.15
1768475123.29595,282825.67,193350.0,89475.67
1768475123.749323,222590.53,231877.26,9286.73
1768475124.2968,152067.57,264557.95,112490.39
1768475125.298292,448672.94,255769.07,192903.87
1768475126.299245,124705.8,272767.12,148061.33
1768475127.300264,147913.52,248985.0,101071.48
1768475128.301313,367253.0,301390.41,65862.59
1768475128.75374,120756.05,213159.17,92403.12
1768475129.304716,116326.35,301199.65,184873.3
1768475130.30722,79779.25,179982.3,100203.04
1768475131.308209,130148.3,228583.93,98435.63
1768475132.313937,155061.64,254721.41,99659.77
1768475133.319344,261377.47,211524.75,49852.71
1768475133.760387,280659.3,274012.0,6647.3
1768475134.32253,101483.37,246033.73,144550.36
1768475135.32327,72908.73,261813.84,188905.12
1768475136.324774,116630.02,213338.54,96708.52
1768475137.327705,421175.59,299971.09,121204.5
1768475138.329068,150664.26,327170.12,176505.86
1768475138.767972,108066.38,138944.86,30878.48
1768475139.330749,267483.16,191241.17,76241.99
1768475140.332089,138745.21,278910.32,140165.11
1768475141.333451,468255.25,244648.12,223607.13
1768475142.334855,151002.5,274771.66,123769.15
1768475143.336194,195829.62,178395.31,17434.31
1768475143.773743,313140.56,304423.47,8717.1
1768475144.337116,92546.08,209190.15,116644.08
1768475145.339328,63165.07,235565.3,172400.23
1768475146.340957,450216.77,256262.68,193954.09
1768475147.341766,167932.19,351891.43,183959.24
1768475148.34288,365656.24,268274.36,97381.88
1768475148.77581,201175.77,261704.73,60528.96
1768475149.34413,163918.96,240686.06,76767.1
1768475153.782459,267060.29,240860.57,26199.73
1768475158.790358,351223.44,340531.65,10691.79
1768475163.797772,144283.65,244691.39,100407.74
1768475168.804654,346740.46,260534.86,86205.6
1768475173.811135,359277.35,348096.72,11180.64
1768475178.815911,411152.34,282392.98,128759.36
1768475183.822475,68990.21,167092.54,98102.33
1768475188.823846,397635.17,286793.9,110841.27
1768475193.826232,80604.6,164922.08,84317.48
1768475198.833319,69746.49,262658.88,192912.39
1768475203.840065,218122.55,186606.2,31516.34
1768475208.845607,270704.48,330312.49,59608.01
1768475213.852206,177578.24,191012.87,13434.64
1768475218.858795,435528.48,423949.09,11579.39
1768475223.865341,82560.77,149623.52,67062.75
1768475228.871905,321449.96,274260.61,47189.35
1768475233.878426,402778.63,355093.38,47685.26
1768475238.883158,385841.22,261921.43,123919.79
1768475243.889747,287515.45,202113.76,85401.69
1768475248.89676,204334.93,193608.24,10726.7
1768475253.903738,427999.2,390453.88,37545.32
1768475258.911517,364095.71,334244.79,29850.92
1768475263.917993,122321.01,181855.62,59534.61
1768475268.923243,487915.12,404653.56,83261.56
1768475273.930101,228935.74,246815.39,17879.64
1768475278.937043,254897.94,239846.72,15051.22
1768475283.943709,419259.4,277417.95,141841.44
1768475288.950479,337668.3,281040.31,56627.99
1768475293.957625,85097.24,145544.43,60447.19
1768475298.962364,288444.03,251684.29,36759.74
1768475303.968921,266506.56,214655.37,51851.19
1768475308.975567,338452.73,311814.66,26638.06
1768475313.982133,477923.61,395453.69,82469.92
1768475318.988744,287289.9,284271.3,3018.6
1768475323.995415,218050.07,241688.26,23638.2
1768475329.001239,440960.49,363653.88,77306.61
1768475334.008248,270195.24,304557.07,34361.83
1768475339.014726,273345.25,312137.87,38792.62
1768475344.021627,144953.01,268406.13,123453.12
1768475349.030038,473288.0,286577.33,186710.67
1768475354.037149,131562.61,208884.89,77322.27
1768475359.042094,121334.11,190963.79,69629.69
1768475364.049568,441935.42,327326.42,114609.0
1768475369.052764,231032.61,295339.76,64307.15
1768475374.059971,419288.7,395488.62,23800.08
1768475379.067013,268876.23,226539.35,42336.88
1768475384.073668,196511.51,225157.0,28645.49
1768475389.081876,193815.24,245892.02,52076.78
1768475394.088539,170724.21,224590.6,53866.39
1768475399.095024,252319.51,226096.76,26222.75
1768475404.101723,307583.48,267269.31,40314.16
1768475409.109432,290399.18,284534.88,5864.3
1768475414.116343,100786.17,247967.6,147181.44
1768475419.119239,88659.67,141858.94,53199.27
1768475424.12582,269360.53,271670.12,2309.59
1768475429.132616,103891.98,170306.69,66414.71
1768475434.139819,200753.86,226870.24,26116.38
1768475439.147036,142791.22,193605.06,50813.84
1768475444.153764,371474.4,341669.21,29805.19
1768475449.159441,347886.43,314871.68,33014.75
1768475454.166479,456815.74,409958.1,46857.64
1768475459.173156,104850.15,252052.29,147202.15
1768475464.179508,321356.24,367024.25,45668.01
1768475469.186018,368385.27,311577.51,56807.76
1768475474.192618,144233.02,132642.62,11590.4
1768475479.198222,336671.4,346524.33,9852.93
1768475484.204551,322706.22,334457.77,11751.54
1768475489.206497,356262.39,356487.36,224.97
1768475494.21353,173305.3,148063.16,25242.14
1768475499.220652,151343.2,159631.31,8288.11
1768475504.226503,358644.32,297770.07,60874.25
1768475509.227368,135686.07,261954.42,126268.34
1768475514.234866,231641.01,269513.5,37872.48
1768475519.241336,369131.32,290167.48,78963.84
1768475524.247914,231032.61,247290.22,16257.61
1768475529.254576,50322.59,301160.66,250838.07
1768475534.261333,196438.23,221381.32,24943.09
1768475536.168321,147303.44,265439.91,118136.47
1768475537.169403,439395.6,287060.49,152335.11
1768475538.170938,449303.92,204968.95,244334.98
1768475539.172477,486840.15,225698.69,261141.46
1768475539.266878,461177.37,362688.73,98488.64
1768475540.175932,370249.77,248732.25,121517.51
1768475541.17719,288828.88,252431.62,36397.26
1768475542.180501,380488.43,296870.11,83618.33
1768475543.18182,50584.3,230498.41,179914.11
1768475544.183303,122908.52,350649.94,227741.42
1768475544.273493,321802.25,303825.21,17977.04
1768475545.187466,174083.62,229771.59,55687.97
1768475546.188456,339972.49,285879.25,54093.25
1768475547.190587,274656.95,240456.7,34200.24
1768475548.1922,147845.78,352514.41,204668.63
1768475549.19401,96774.9,245363.51,148588.61
1768475549.280904,101024.19,145342.09,44317.9
1768475550.195271,264546.66,231887.7,32658.96
1768475551.196448,160925.24,255299.71,94374.47
1768475552.197714,483277.27,237081.26,246196.01
1768475553.199675,425828.65,198520.75,227307.89
1768475554.201867,150629.52,248963.86,98334.34
1768475554.288984,359346.59,260885.71,98460.88
1768475555.204728,134062.5,270959.48,136896.99
1768475556.205432,266217.24,211341.2,54876.04
1768475557.207649,271478.36,272446.76,968.41
1768475558.209167,60913.38,245327.68,184414.29
1768475559.210478,397795.82,256586.23,141209.59
1768475559.295933,237851.73,266944.55,29092.82
1768475560.212585,354761.15,252698.55,102062.6
1768475561.215614,281179.9,295530.37,14350.47
1768475562.216759,287968.6,189413.76,98554.84
1768475563.218258,206259.65,204157.68,2101.97
1768475564.219168,123413.66,210957.16,87543.51
1768475564.303566,252943.93,289706.1,36762.17
1768475565.220547,356656.04,323002.83,33653.21
1768475566.221684,346498.69,280498.55,66000.14
1768475567.223186,441457.72,263779.72,177678.0
1768475568.22442,358916.57,330925.86,27990.7
1768475569.225466,443186.81,290712.94,152473.88
1768475569.308473,99507.97,148991.0,49483.02
1768475570.228042,250339.34,287398.66,37059.32
1768475571.229937,452047.98,340975.01,111072.96
1768475572.233722,300130.08,215895.18,84234.9
1768475573.237669,262786.75,319154.69,56367.93
1768475574.242672,201022.67,280743.16,79720.49
1768475574.315163,474359.32,233105.52,241253.8
1768475575.245658,243522.41,302912.64,59390.24
1768475576.249213,446788.31,310379.24,136409.07
1768475577.250509,324045.04,289159.41,34885.64
1768475578.251239,302968.36,296883.63,6084.73
1768475579.252077,226575.7,300194.38,73618.68
1768475579.32199,97016.14,154290.5,57274.36
1768475580.255237,283718.02,234925.07,48792.96
1768475581.256831,497755.26,262761.19,234994.07
1768475582.25807,369782.38,277511.15,92271.23
1768475583.260769,374178.46,289348.04,84830.42
1768475584.261998,481276.86,285884.26,195392.6
1768475584.328479,186476.46,210715.26,24238.8
1768475585.263148,120010.29,282570.1,162559.81
1768475586.265838,169737.52,260169.43,90431.91
1768475587.266648,303729.2,277593.63,26135.58
1768475588.267744,211882.23,274476.18,62593.95
1768475589.270261,401893.78,284518.52,117375.25
1768475589.335934,351614.29,194352.7,157261.59
1768475590.272334,487799.41,205196.7,282602.71
1768475591.273292,276995.69,258747.57,18248.12
1768475592.274783,53000.28,240066.09,187065.81
1768475593.278299,238796.5,249096.9,10300.39
1768475594.28002,455386.94,232371.79,223015.14
1768475594.342688,165209.53,191399.21,26189.68
1768475595.280855,153510.82,240276.75,86765.93
1768475596.282188,369082.74,285781.94,83300.79
1768475597.283717,328404.25,264596.47,63807.79
1768475598.284431,177993.67,316982.23,138988.57
1768475599.285256,274812.04,304152.17,29340.13
1768475599.34831,116645.36,166023.52,49378.16
1768475600.288827,291497.45,301105.77,9608.31
1768475601.290133,341513.2,256458.6,85054.61
1768475602.292519,420477.13,251974.56,168502.56
1768475603.293278,232364.03,310533.48,78169.45
1768475604.294469,156678.84,221734.29,65055.46
1768475604.355126,452344.79,259475.2,192869.59
1768475605.295834,234728.82,264886.48,30157.66
1768475606.298983,178245.14,238218.24,59973.1
1768475607.300041,148507.46,234709.54,86202.08
1768475608.30125,397379.13,221302.73,176076.4
1768475609.302135,270186.15,216390.75,53795.4
1768475609.360092,275089.07,338122.21,63033.14
1768475610.305489,440134.69,234268.62,205866.07
1768475611.307524,325217.75,244208.93,81008.82
1768475612.310822,403502.16,218744.41,184757.75
1768475613.313867,53383.78,235876.64,182492.85
1768475614.315123,213778.87,218092.41,4313.54
1768475614.366711,254975.76,258986.28,4010.52
1768475615.31687,132233.14,272030.85,139797.71
1768475616.318994,330829.78,271856.37,58973.41
1768475617.320275,377994.29,221115.0,156879.29
1768475618.321409,311690.91,244650.59,67040.32
1768475619.324227,374480.66,283628.57,90852.09
1768475619.37352,257046.18,301356.37,44310.19
1768475620.325791,412173.61,275954.64,136218.96
1768475621.327093,179846.64,294762.72,114916.08
1768475622.328754,462706.62,267109.14,195597.48
1768475623.330016,389747.69,265707.55,124040.14
1768475624.331071,307362.26,195705.93,111656.32
1768475624.381311,191678.52,254658.22,62979.7
1768475625.332739,334432.45,199214.14,135218.31
1768475626.33648,67945.14,236653.78,168708.64
1768475627.337981,103765.53,309303.44,205537.91
1768475628.339327,418407.04,199687.8,218719.24
1768475629.340501,262896.13,258852.07,4044.06
1768475629.387327,259184.65,260041.78,857.13
1768475630.341763,384160.43,293420.52,90739.91
1768475631.342898,135996.48,221816.3,85819.82
1768475632.343743,128323.35,294355.7,166032.35
1768475633.344938,93596.4,230911.67,137315.27
1768475634.346036,242469.09,277251.07,34781.97
1768475634.394675,97758.51,185431.62,87673.11
1768475635.348106,167908.42,250512.76,82604.34
1768475639.402483,274041.13,242076.7,31964.43
1768475644.410104,307583.48,278499.59,29083.89
1768475649.416796,249231.17,238503.92,10727.25
1768475654.423492,248690.3,283354.38,34664.07
1768475659.42993,276831.54,268534.13,8297.41
1768475664.437046,373756.99,292767.24,80989.75
1768475669.439619,279101.02,275500.78,3600.24
1768475674.44607,145043.72,220721.83,75678.12
1768475679.453035,66963.83,142766.5,75802.67
1768475684.45996,165814.46,218200.23,52385.78
1768475689.466569,191678.52,212774.18,21095.66
1768475694.473411,60975.95,186699.09,125723.14
1768475699.480308,486800.61,299539.92,187260.7
1768475704.485685,494717.95,377033.61,117684.34
1768475709.492824,231641.01,244978.44,13337.42
1768475714.499638,384039.61,247360.8,136678.81
1768475719.504883,361338.76,311142.87,50195.89
1768475724.511442,441094.58,428393.95,12700.63
1768475729.514296,270704.48,291270.19,20565.71
1768475734.520645,153463.27,176588.18,23124.91
1768475739.527396,144818.0,186444.97,41626.97
1768475744.533768,452765.24,365629.65,87135.58
1768475749.538943,498111.07,233806.85,264304.22
1768475754.545579,236493.42,213806.63,22686.79
1768475759.552673,77723.59,181398.5,103674.91
1768475764.559836,413365.07,333061.96,80303.11
1768475769.567421,259110.26,267044.86,7934.6
1768475774.574133,336511.81,310632.59,25879.22
1768475779.57992,435528.48,377886.26,57642.22
1768475784.586794,200364.36,249741.79,49377.43
1768475789.591922,414563.04,326284.37,88278.67
1768475794.598444,231641.01,260774.41,29133.4
1768475799.605548,216382.01,279364.49,62982.47
1768475804.612697,175820.64,265352.34,89531.69
1768475809.617852,494195.04,394251.72,99943.32
1768475814.624871,179964.49,220965.51,41001.02
1768475819.63294,319743.74,250668.95,69074.79
1768475824.639516,456372.79,431046.78,25326.01
1768475829.646281,228734.1,254445.12,25711.02
1768475834.64958,316313.56,276999.34,39314.22
1768475839.654742,148694.18,177971.6,29277.42
1768475844.661573,446497.32,319454.67,127042.65
1768475849.669687,144818.0,211266.72,66448.72
1768475854.676707,222590.53,246935.83,24345.3
1768475859.683404,294745.06,271366.51,23378.56
1768475864.690785,263911.58,238313.35,25598.23
1768475869.695655,350336.99,346804.32,3532.67
1768475874.702346,93256.63,165643.99,72387.36
1768475879.70918,187346.54,239916.53,52570.0
1768475884.715802,477772.87,234727.89,243044.98
1768475889.722787,423339.71,400809.48,22530.23
1768475894.729419,342872.58,276846.51,66026.07
1768475899.734798,400789.26,318319.31,82469.95
1768475904.741318,401900.82,373735.16,28165.66
1768475909.744483,265754.74,264630.06,1124.68
1768475914.751637,202847.28,225470.73,22623.45
1768475919.754414,381179.1,272543.98,108635.13
1768475924.761266,165703.33,223593.47,57890.15
1768475929.766309,311358.57,215341.54,96017.03
1768475934.77549,50355.28,140259.4,89904.12
1768475939.783988,487424.06,343977.5,143446.56
1768475944.792058,162455.77,154927.27,7528.5
1768475949.799794,110391.09,142934.48,32543.39
1768475954.802987,72401.45,120118.59,47717.14
1768475959.810266,169378.29,172225.35,2847.06
1768475964.819926,234932.27,233873.91,1058.36
1768475969.82935,415542.8,316204.81,99337.99
1768475974.83789,255342.57,307947.73,52605.16
1768475979.845883,498111.07,206079.38,292031.69
1768475984.854621,387191.91,363360.48,23831.43
1768475989.859642,165963.04,198568.95,32605.91
1768475994.86912,67366.2,134332.85,66966.64
1768475999.878414,96325.77,148732.1,52406.33
1768476004.883078,253967.8,264097.92,10130.12
1768476009.888058,218272.42,230857.96,12585.54
1768476014.896262,477012.3,411806.06,65206.23
1768476019.903127,493218.1,405805.41,87412.68
1768476024.908601,139158.83,165274.14,26115.31
1768476029.913499,321689.81,234911.99,86777.82
1768476034.923153,155124.06,190680.54,35556.48
1768476039.932622,465157.58,447509.39,17648.19
1768476044.941341,215274.97,236591.71,21316.75
1768476049.949153,419331.13,353846.9,65484.23
1768476054.958011,132610.83,159677.84,27067.01
1768476059.966251,90149.98,147203.19,57053.21
1768476064.97585,99507.97,181847.2,82339.22
1768476069.986003,186024.52,232974.61,46950.09
1768476074.994809,316313.56,324621.33,8307.77
1768476080.000399,455862.25,330730.58,125131.67
1768476085.004725,112210.5,172786.18,60575.68
1768476090.013588,63936.77,129226.62,65289.85
1768476095.022358,247234.37,261162.56,13928.19
1768476100.02917,322706.22,300177.18,22529.04
1768476105.03655,157644.99,207466.39,49821.4
1768476110.041988,249231.17,201163.23,48067.93
1768476115.048983,227156.85,254730.04,27573.19
1768476120.056337,97097.29,171189.65,74092.36
1768476125.063829,482119.86,393773.76,88346.1
1768476130.073124,392209.07,300628.76,91580.31
1768476135.082157,455529.93,330471.0,125058.93
1768476140.088182,468701.87,327061.35,141640.52
1768476145.095573,323010.2,280647.05,42363.14
1768476150.104215,69746.49,242504.1,172757.61
1768476155.112989,292541.39,297010.03,4468.64
1768476160.122254,221633.96,258582.36,36948.4
1768476165.131162,124036.42,176537.62,52501.21
1768476170.139149,140152.92,236751.96,96599.04
1768476175.148127,240883.28,196595.07,44288.2
1768476180.156179,194420.95,190012.64,4408.3
1768476185.164184,173305.3,187883.23,14577.93
1768476190.173847,85414.36,116404.01,30989.65
1768476195.18262,97481.14,167175.41,69694.27
1768476200.188297,343518.8,252911.98,90606.82
1768476205.195905,275161.26,259858.76,15302.51
1768476210.203981,410739.17,366426.27,44312.89
1768476215.211675,96325.77,162851.96,66526.2
1768476220.222556,366771.5,319965.13,46806.37
1768476225.230401,294034.99,223701.63,70333.36
1768476230.236043,175492.37,163277.04,12215.33
1768476235.243481,281557.0,264548.81,17008.19
1768476240.252169,164072.19,205997.91,41925.72
1768476245.26077,287289.9,286538.34,751.56
1768476250.269363,77723.59,195555.76,117832.17
1768476255.278181,482637.91,377914.15,104723.76
1768476260.284318,417215.08,408659.02,8556.06
1768476265.29334,248690.3,240946.49,7743.82
1768476270.301877,155124.06,190715.35,35591.28
1768476275.309605,97016.14,161983.07,64966.93
1768476280.313535,163513.78,225488.53,61974.76
1768476285.324181,366771.5,332287.2,34484.3
1768476290.330396,162024.59,211013.6,48989.02
1768476295.340006,85413.95,187122.89,101708.93
1768476300.349283,108040.51,194335.39,86294.88
1768476305.358493,251009.92,272606.73,21596.8
1768476310.367597,365582.0,376752.22,11170.22
1768476315.375572,177143.39,215418.66,38275.27
1768476320.382538,108066.38,158141.12,50074.73
1768476325.391037,267090.62,302628.68,35538.06
1768476330.399347,53054.68,221813.46,168758.78
1768476335.407774,323010.2,233935.83,89074.36
1768476340.416808,456372.79,362292.51,94080.28
1768476345.426048,149557.02,168448.01,18890.99
1768476350.433463,155326.0,166226.39,10900.39
1768476355.442844,140211.07,205049.18,64838.11
1768476360.452289,247759.42,314631.87,66872.45
1768476365.462287,231032.61,255782.05,24749.45
1768476370.472175,266291.61,288856.55,22564.94
1768476375.481346,172921.83,184961.06,12039.23
1768476380.487891,175492.37,199243.73,23751.36
1768476385.497872,373756.99,313768.6,59988.38
1768476390.507588,178359.95,215008.47,36648.51
1768476395.516547,371616.04,279290.99,92325.05
1768476400.525904,250015.99,203887.96,46128.03
1768476405.534086,82503.21,150531.49,68028.28
1768476410.540612,305812.49,247410.46,58402.03
1768476415.549429,50180.69,120698.68,70517.99
1768476420.558277,300568.26,256210.35,44357.91
1768476425.567115,144818.0,141434.44,3383.56
1768476430.576818,424473.1,195737.3,228735.81
1768476435.586042,440960.49,342416.76,98543.74
1768476440.59223,179964.49,194960.15,14995.67
1768476445.600946,85814.67,132795.95,46981.29
1768476450.61008,247234.37,204584.1,42650.28
1768476455.619858,401900.82,437053.27,35152.45
1768476460.629451,452765.24,430137.68,22627.56
1768476465.637302,130478.48,188331.29,57852.81
1768476470.644469,410617.19,309915.82,100701.37
1768476475.6522,117170.61,212371.66,95201.05
1768476480.661416,384988.66,347602.86,37385.81
1768476485.670542,325245.05,328118.65,2873.6
1768476490.679232,234727.17,155526.81,79200.36
1768476495.687302,379725.54,361816.69,17908.84
1768476500.693503,72122.37,137562.77,65440.4
1768476505.702509,165814.46,219709.56,53895.11
1768476510.711739,249231.17,314809.59,65578.43
1768476515.720571,359346.59,371132.81,11786.22
1768476520.730187,136407.31,151242.52,14835.2
1768476525.738242,457632.23,372750.22,84882.01
1768476530.744037,78591.08,317132.56,238541.49
1768476535.751391,277614.15,213586.1,64028.05
1768476540.760255,129071.86,220333.38,91261.52
1768476545.76885,82569.38,133644.93,51075.55
1768476550.778233,359652.95,368765.28,9112.34
1768476555.786619,367473.49,305015.66,62457.84
1768476560.793054,375068.08,244586.78,130481.3
1768476565.801712,331115.3,296124.21,34991.09
1768476570.810706,122736.96,233498.62,110761.66
1768476575.821215,266060.72,282151.52,16090.79
1768476580.830109,367726.15,343490.92,24235.23
1768476585.839014,384039.61,231995.6,152044.01
1768476590.841429,194420.95,187510.26,6910.68
1768476595.849862,165209.53,201234.22,36024.69
1768476600.85864,380984.32,279490.38,101493.94
1768476605.867928,240883.28,181719.89,59163.38
1768476610.877252,304638.38,219953.99,84684.39
1768476615.885502,419288.7,341286.91,78001.8
1768476620.892397,337668.3,277004.55,60663.75
1768476625.901061,465157.58,416678.8,48478.78
1768476630.909133,324260.49,266285.61,57974.88
1768476635.916966,108985.94,127402.7,18416.77
1768476640.927001,170244.45,184735.69,14491.24
1768476645.935995,404139.11,342123.05,62016.06
1768476650.94309,227156.85,237258.97,10102.12
1768476655.947291,146859.72,282959.13,136099.41
1768476660.950775,155111.2,232281.01,77169.82
1768476665.953729,234735.25,226824.67,7910.58
1768476670.962384,100786.17,218849.78,118063.61
1768476675.967017,162455.77,188375.41,25919.63
1768476680.973636,163744.64,184999.75,21255.11
1768476685.982493,67262.7,171504.37,104241.67
1768476690.99334,475137.54,356103.19,119034.35
1768476696.003648,268725.89,245538.61,23187.28
1768476701.012271,415586.15,296066.07,119520.08
1768476706.0205,204334.93,196531.43,7803.5
1768476711.027849,154106.92,179954.69,25847.77
1768476716.033823,282175.65,246363.51,35812.13
1768476721.042302,123764.12,296907.44,173143.32
1768476726.050525,373560.27,383824.01,10263.74
1768476731.060565,358710.9,347601.98,11108.92
1768476736.069943,201402.66,219095.81,17693.15
1768476741.076123,359731.85,310433.18,49298.67
1768476746.081094,286967.72,240688.59,46279.13
1768476751.089296,355397.04,339159.0,16238.04
1768476756.103892,107333.63,192005.63,84672.0
1768476761.11684,190266.49,246119.22,55852.73
1768476766.130584,129052.53,147549.98,18497.44
1768476771.145813,103672.25,173035.09,69362.83
1768476776.16201,176208.45,214284.93,38076.48
1768476781.17573,337141.73,352663.29,15521.56
1768476786.188901,82960.52,140415.86,57455.34
1768476791.202185,498111.07,200996.42,297114.64
1768476796.218106,374120.57,275602.2,98518.37
1768476801.230335,191719.95,276542.84,84822.89
1768476806.244309,483717.95,373815.08,109902.86
1768476811.261107,257046.18,318539.18,61493.0
1768476816.270269,281557.0,230957.21,50599.8
1768476821.285971,144667.44,185309.44,40642.0
1768476826.302648,234017.26,266103.77,32086.52
1768476831.313047,316313.56,287789.63,28523.93
1768476836.326064,452765.24,401399.17,51366.07
1768476841.335365,497967.62,411614.81,86352.82
1768476846.348466,360290.39,328784.07,31506.33
1768476851.355117,92145.85,156936.47,64790.61
1768476856.362012,199710.58,252870.58,53160.0
1768476861.371078,332266.28,275237.79,57028.49
1768476866.37971,128654.02,189915.55,61261.53
1768476871.389179,123764.12,251902.38,128138.26
1768476876.393892,214168.14,380079.53,165911.39
1768476881.410167,355155.13,354110.63,1044.5
1768476886.4175,145782.54,165875.3,20092.76
1768476891.426263,359652.95,354883.68,4769.27
1768476896.43624,397508.12,392932.34,4575.79
1768476901.445294,339260.92,331505.52,7755.4
1768476906.455278,408230.84,342290.55,65940.29
1768476911.464827,351479.07,385618.43,34139.36
1768476916.471796,264646.36,248973.22,15673.14
1768476921.481247,136170.33,289538.53,153368.21
1768476926.48995,116645.36,122710.47,6065.11
1768476931.498435,162024.59,156355.8,5668.78
1768476936.508236,240511.11,283048.25,42537.13
1768476941.51508,434028.08,377806.74,56221.34
1768476946.521381,71337.04,165329.86,93992.83
1768476951.530267,268365.02,291432.3,23067.28
1768476956.538935,68440.2,132717.48,64277.28
1768476961.548108,255342.57,259020.44,3677.88
1768476966.557789,298322.93,271516.9,26806.03
1768476971.567473,268876.23,227883.4,40992.83
1768476976.575053,247759.42,276272.95,28513.53
1768476981.58319,269872.22,271778.81,1906.6
1768476986.593111,77547.5,124252.48,46704.99
1768476991.598979,122321.01,217942.68,95621.67
1768476996.607748,101885.49,174152.89,72267.4
1768477001.614388,388990.82,344514.65,44476.17
1768477006.621107,323493.25,361721.19,38227.94
1768477011.630971,411152.34,361755.98,49396.35
1768477016.639985,160699.88,179147.3,18447.42
1768477021.650121,243642.39,308650.23,65007.84
1768477026.659511,440309.59,342815.12,97494.47
1768477031.662885,69731.08,132466.42,62735.34
1768477036.669406,143520.73,188533.62,45012.89
1768477041.678013,205911.18,228642.93,22731.75
1768477046.681384,60544.83,106748.24,46203.41
1768477051.690495,498111.07,207342.17,290768.89
1768477056.698094,196511.51,227099.69,30588.18
1768477061.708144,442100.12,212917.98,229182.14
1768477066.714796,372346.4,258830.48,113515.93
1768477071.719266,260807.56,242676.8,18130.75
1768477076.729064,68146.36,155732.71,87586.35
1768477081.737338,239503.51,298937.29,59433.78
1768477086.746661,458796.9,435402.59,23394.3
1768477091.75449,74321.43,139988.57,65667.14
1768477096.760073,283279.83,267471.32,15808.51
1768477101.762945,270195.24,265708.94,4486.3
1768477106.770933,311358.57,276038.13,35320.44
1768477111.778367,104121.93,159954.83,55832.89
1768477116.787388,177483.44,161620.01,15863.43
1768477121.79696,476894.34,400395.17,76499.17
1768477126.803988,374120.57,309394.5,64726.06
1768477131.813434,69865.5,136914.27,67048.77
1768477136.823247,314964.62,316505.04,1540.42
1768477141.831623,77723.59,165865.02,88141.42
1768477146.83959,249494.14,210674.37,38819.78
1768477151.84458,231253.49,250318.93,19065.44
1768477156.851391,243642.39,265330.57,21688.17
1768477161.860427,400267.36,300806.34,99461.02
1768477166.869789,229212.61,322247.69,93035.08
1768477171.878446,305743.62,321312.78,15569.16
1768477176.886301,93256.63,177251.09,83994.45
1768477181.89599,138697.72,190942.12,52244.41
1768477186.900487,411487.06,284635.62,126851.44
1768477191.909385,397635.17,328245.85,69389.32
1768477196.917021,362079.43,327941.57,34137.86
1768477201.92054,135112.41,177113.16,42000.75
1768477206.929628,230069.87,216640.33,13429.54
1768477211.957752,50109.32,161691.55,111582.23
1768477216.964237,254727.85,295676.11,40948.26
1768477221.973034,250015.99,215982.01,34033.98
1768477226.98989,325707.96,335721.68,10013.72
1768477231.997853,358710.9,287404.42,71306.48
1768477237.00672,451433.46,292241.93,159191.52
1768477242.016124,414616.61,253139.03,161477.58
1768477247.022101,473241.79,377638.32,95603.47
1768477252.029943,396397.54,354754.32,41643.21
1768477257.036348,186448.8,284470.35,98021.55
1768477262.045546,331115.3,273280.8,57834.5
1768477267.068295,179964.49,228833.43,48868.94
1768477272.078467,424972.08,420759.56,4212.52
1768477277.085372,173305.3,179511.29,6205.99
1768477282.093937,75432.06,293957.87,218525.81
1768477287.101275,471584.04,409426.84,62157.2
1768477292.109896,498507.48,346931.71,151575.76
1768477297.114668,53054.68,273109.13,220054.45
1768477302.122332,331157.93,307071.78,24086.15
1768477307.129004,473983.45,402001.71,71981.75
1768477312.138619,204334.93,201008.87,3326.07
1768477317.147403,276749.96,339943.9,63193.94
1768477322.157089,392914.72,371721.31,21193.42
1768477327.16566,113829.98,165835.5,52005.52
1768477332.174416,112874.26,146119.5,33245.25
1768477337.181665,402480.54,329346.51,73134.03
1768477342.189303,165703.33,200135.46,34432.14
1768477347.198342,135084.94,225658.54,90573.59
1768477352.207305,470126.92,397977.46,72149.46
1768477357.216856,271497.28,293795.95,22298.67
1768477362.229806,117639.78,279198.51,161558.73
1768477367.237984,235810.04,228401.97,7408.07
1768477372.246585,121228.82,176652.1,55423.28
1768477377.255243,138305.43,185490.72,47185.3
1768477382.263224,113506.75,143468.06,29961.3
1768477387.268043,241057.67,243008.32,1950.65
1768477392.278269,222590.53,228701.36,6110.82
1768477397.286279,297019.64,285963.4,11056.23
1768477402.29414,164366.28,259019.39,94653.12
1768477407.300162,199710.58,232494.17,32783.59
1768477412.306244,322706.22,255240.86,67465.37
1768477417.311039,71177.54,147323.59,76146.05
1768477422.323615,321878.27,291594.06,30284.21
1768477427.330199,201581.47,238729.29,37147.82
1768477432.339111,271961.37,264238.09,7723.28
1768477437.344391,252510.91,266548.0,14037.09
1768477442.351937,489141.89,464610.75,24531.13
1768477447.360778,95278.99,154885.1,59606.11
1768477452.369972,281045.52,246599.45,34446.07
1768477457.376398,448217.04,377238.89,70978.15
1768477462.384836,207939.03,194803.99,13135.04
1768477467.392874,184302.8,187229.35,2926.55
1768477472.400941,120756.05,160658.89,39902.84
1768477477.4095,386707.46,367692.05,19015.42
1768477482.418229,77547.5,135116.93,57569.44
1768477487.42614,421797.82,380064.07,41733.75
1768477492.435158,201175.77,205782.13,4606.36
1768477497.443793,194298.24,285600.57,91302.33
1768477502.456947,438246.85,376726.85,61520.0
1768477507.465367,332266.28,262125.55,70140.73
1768477512.474407,421310.69,386867.72,34442.97
1768477517.484569,475734.03,397996.11,77737.91
1768477522.492578,186675.73,198771.2,12095.46
1768477527.50194,224983.17,193730.72,31252.46
1768477532.515298,164072.19,200794.27,36722.08
1768477537.524489,150464.93,257626.09,107161.16
1768477542.533489,50577.99,116761.73,66183.73
1768477547.541745,50322.59,300432.84,250110.26
1768477552.551252,195997.2,210915.99,14918.78
1768477557.560384,237098.66,223626.27,13472.39
1768477562.572698,104569.2,149273.02,44703.82
1768477567.581936,123124.29,220947.38,97823.09
1768477572.591202,306267.07,237716.71,68550.37
1768477577.597292,335232.42,309697.36,25535.06
1768477582.60601,102900.76,174885.17,71984.41
1768477587.615261,112874.26,125674.18,12799.93
1768477592.624103,248195.56,250555.01,2359.45
1768477597.632368,223231.43,207505.33,15726.09
1768477602.641836,143893.36,293899.27,150005.91
1768477607.648354,330147.23,313178.26,16968.97
1768477612.660658,201402.66,236732.54,35329.88
1768477617.670546,107121.23,139951.81,32830.58
1768477622.678978,271751.61,273368.01,1616.4
1768477627.689793,294532.63,219544.76,74987.88
1768477632.699286,482637.91,364590.22,118047.69
1768477637.705873,90149.98,126198.53,36048.55
1768477642.717317,338217.48,288470.83,49746.65
1768477647.726216,242999.34,230407.27,12592.08
1768477652.734665,288444.03,303805.83,15361.8
1768477657.741798,287515.45,270832.2,16683.25
1768477662.75088,205622.86,221074.94,15452.08
1768477667.758108,60544.83,120054.94,59510.11
1768477672.769081,431945.41,347444.42,84500.99
1768477677.778557,339260.92,289766.09,49494.83
1768477682.787719,151343.2,185397.37,34054.18
1768477687.795963,417302.53,336126.4,81176.13
1768477692.805283,104850.15,237899.07,133048.92
1768477697.811636,437501.08,398450.31,39050.77
1768477702.820145,213581.51,207611.15,5970.35
1768477707.828034,78468.2,145722.51,67254.31
1768477712.836154,468701.87,358006.79,110695.08
1768477717.847948,113224.55,278663.0,165438.45
1768477722.856925,247759.42,226825.7,20933.72
1768477727.862933,173703.05,220142.14,46439.09
1768477732.872855,253967.8,237400.83,16566.96
1768477737.881686,498507.48,411997.31,86510.17
1768477742.892097,495207.28,407288.77,87918.52
1768477747.901586,265754.74,260689.22,5065.52
1768477752.910605,366289.9,345362.45,20927.45
1768477757.911454,99507.97,189407.38,89899.4
1768477762.920068,92550.36,177545.19,84994.83
1768477767.928042,227745.62,197715.05,30030.57
1768477772.937137,172921.83,200522.2,27600.37
1768477777.941463,253237.55,235757.37,17480.18
1768477782.950418,239503.51,284390.18,44886.67
1768477787.957109,404139.11,399779.86,4359.25
1768477792.965912,111367.0,203132.21,91765.21
1768477797.969142,207939.03,243024.19,35085.16
1768477802.978107,240713.68,221589.21,19124.47
1768477807.987253,163663.7,209005.59,45341.89
1768477812.997585,194420.95,206763.03,12342.08
1768477818.004233,350846.01,310004.06,40841.95
1768477823.011481,396397.54,354338.43,42059.1
1768477828.017795,356657.28,302805.13,53852.15
1768477833.026674,82560.77,145360.46,62799.69
1768477838.033994,344723.5,355036.6,10313.1
1768477843.041651,124122.99,164398.07,40275.08
1768477848.047741,291384.67,266511.53,24873.14
1768477853.055779,160534.21,176458.78,15924.57
1768477858.064612,473288.0,328900.67,144387.33
1768477863.07307,288444.03,315780.49,27336.46
1768477868.082897,273044.26,270441.3,2602.96
1768477873.092692,353384.13,366627.13,13243.0
1768477878.099104,496441.48,412427.96,84013.53
1768477883.107235,266423.72,239281.95,27141.77
1768477888.115495,202349.31,289241.22,86891.91
1768477893.123695,441935.42,352981.67,88953.75
1768477898.132966,108066.38,156796.15,48729.77
1768477903.143035,64028.71,137674.95,73646.24
1768477908.150291,279390.68,274032.53,5358.15
1768477913.160886,275137.32,273721.55,1415.77
1768477918.16988,111367.0,179113.82,67746.83
1768477923.18104,194420.95,249967.63,55546.69
1768477928.188716,321802.25,289708.04,32094.21
1768477933.198119,263911.58,264487.27,575.69
1768477938.19815,332266.28,234338.91,97927.37
1768477943.206887,458796.9,390780.92,68015.97
1768477948.216698,294073.95,294282.4,208.44
1768477953.224751,109204.39,141689.28,32484.89
1768477958.236524,400789.26,342526.99,58262.27
1768477963.245064,175820.64,300465.88,124645.24
1768477968.251767,88659.67,161730.51,73070.84
1768477973.260914,130302.8,240748.31,110445.51
1768477978.268605,475734.03,444050.63,31683.4
1768477983.27753,231641.01,235049.64,3408.63
1768477988.287887,169378.29,205201.51,35823.22
1768477993.297529,234017.26,201478.88,32538.38
1768477998.304532,175197.73,206342.51,31144.78
1768478003.31403,281045.52,290001.61,8956.08
1768478008.322505,56137.93,122569.28,66431.35
1768478013.330446,370994.78,286134.09,84860.69
1768478018.33812,126391.32,189646.48,63255.15
1768478023.346758,170244.45,226450.48,56206.03
1768478028.347232,321802.25,298717.94,23084.31
1768478033.35569,82560.77,154390.95,71830.18
1768478038.364585,285996.36,265363.34,20633.02
1768478043.374503,67870.04,149027.64,81157.6
1768478048.385321,150464.93,274098.48,123633.55
1768478053.389655,93256.63,168322.32,75065.68
1768478058.39757,485089.5,445318.42,39771.08
1768478058.938681,360820.08,271597.36,89222.72
1768478059.940391,198190.76,308997.26,110806.5
1768478060.941722,78095.05,224051.12,145956.07
1768478061.946227,314568.77,231870.52,82698.25
1768478062.947883,421934.18,218666.88,203267.3
1768478063.40499,69865.5,143599.96,73734.46
1768478063.948847,303753.59,284838.24,18915.36
1768478064.950723,489071.77,209427.41,279644.36
1768478065.952178,313224.56,278833.14,34391.42
1768478066.953708,305479.25,205351.73,100127.52
1768478067.956118,467599.28,266062.06,201537.21
1768478068.40948,350608.75,285513.77,65094.98
1768478068.957881,477995.72,247819.24,230176.48
1768478069.959732,227564.16,187083.23,40480.93
1768478070.961991,488504.12,250544.19,237959.93
1768478071.964677,418248.61,207139.66,211108.95
1768478072.966973,359237.25,236655.96,122581.29
1768478073.418705,493857.47,353189.34,140668.12
1768478073.96833,330984.22,267732.08,63252.15
1768478074.969963,316321.55,250839.99,65481.56
1768478075.971364,384401.06,339321.01,45080.05
1768478076.973128,119656.49,233997.25,114340.76
1768478077.974577,97585.84,277009.09,179423.26
1768478078.427181,377410.69,299773.61,77637.09
1768478078.977009,333148.35,286170.44,46977.91
1768478079.978309,243945.15,295239.89,51294.73
1768478080.979971,122779.9,264107.4,141327.5
1768478081.983417,278440.81,266775.85,11664.96
1768478082.98565,463874.29,190948.72,272925.57
1768478083.434958,338994.34,238597.18,100397.16
1768478083.987582,337387.55,247350.96,90036.59
1768478084.988379,190833.66,246699.55,55865.89
1768478085.992871,118804.23,284071.77,165267.54
1768478086.994375,302723.95,250798.83,51925.12
1768478087.995936,219076.27,267337.95,48261.68
1768478088.439693,101192.88,195000.35,93807.47
1768478088.997879,274728.81,226860.72,47868.09
1768478089.999442,107061.12,295919.84,188858.72
1768478091.002206,366448.99,209520.5,156928.49
1768478092.00728,490182.9,277971.47,212211.43
1768478093.012119,495045.31,264821.87,230223.44
1768478093.447132,350608.75,297112.34,53496.42
1768478094.014051,144266.25,251965.47,107699.22
1768478095.015456,223107.15,230576.61,7469.47
1768478096.017611,377856.09,228798.82,149057.27
1768478097.019469,152921.94,216109.63,63187.7
1768478098.020673,457040.23,311264.54,145775.69
1768478098.454018,360290.39,388339.2,28048.8
1768478099.022901,121124.95,212966.88,91841.93
1768478100.026363,179321.53,255934.65,76613.12
1768478101.028283,318995.2,283344.66,35650.54
1768478102.030242,209950.08,287335.0,77384.92
1768478103.031777,296686.74,267718.29,28968.45
1768478103.4615,276606.53,210558.75,66047.78
1768478104.034397,397777.72,275725.92,122051.8
1768478105.035667,76615.77,227831.08,151215.31
1768478106.037422,147958.45,256071.67,108113.22
1768478107.039643,473379.41,236542.56,236836.85
1768478108.041569,123977.89,271303.64,147325.75
1768478108.473252,272672.81,287028.71,14355.9
1768478109.043659,214444.62,264966.15,50521.52
1768478110.045664,435642.04,225690.92,209951.12
1768478111.047329,369055.48,234263.11,134792.38
1768478112.049582,239749.89,337005.85,97255.96
1768478113.056606,414642.33,237125.07,177517.26
1768478113.483217,240511.11,242506.64,1995.53
1768478114.058623,177811.54,338878.24,161066.7
1768478115.060664,185787.26,240287.43,54500.17
1768478116.062131,348100.33,283589.66,64510.67
1768478117.063678,211779.93,247152.05,35372.12
1768478118.065518,306009.91,324002.31,17992.4
1768478118.490686,319674.88,227539.02,92135.86
1768478119.066957,214682.52,306081.64,91399.12
1768478120.068479,117769.75,236786.38,119016.64
1768478121.070083,73348.79,252040.88,178692.09
1768478122.071533,412205.07,313699.72,98505.35
1768478123.073499,311836.95,213004.51,98832.44
1768478123.497916,119187.19,169796.48,50609.29
1768478124.075563,352688.06,317431.04,35257.03
1768478125.077438,203778.31,329322.32,125544.01
1768478126.078706,273043.79,310059.01,37015.22
1768478127.080549,284234.95,197875.05,86359.9
1768478128.081925,213750.3,210009.78,3740.52
1768478128.505914,342872.58,258836.46,84036.12
1768478129.08405,82630.25,252041.14,169410.89
1768478130.08664,234769.96,241099.11,6329.15
1768478131.088501,161441.27,223430.92,61989.65
1768478132.090079,478456.85,196122.64,282334.2
1768478133.091751,94352.83,279635.58,185282.74
1768478133.513527,349372.78,339955.37,9417.41
1768478134.093672,142793.0,278226.87,135433.87
1768478135.096337,212720.75,201585.12,11135.63
1768478136.097424,105331.66,246613.72,141282.06
1768478137.099852,439961.91,221586.86,218375.05
1768478138.101451,338920.46,269992.06,68928.39
1768478138.521945,186448.8,254615.67,68166.87
1768478139.102844,424552.86,297469.64,127083.22
1768478140.10402,397447.1,263105.58,134341.52
1768478141.10568,333951.22,293540.15,40411.07
1768478142.106831,305076.26,257096.66,47979.6
1768478143.108167,210739.53,293938.42,83198.89
1768478143.529506,305743.62,254776.7,50966.91
1768478144.110149,404326.45,320857.56,83468.89
1768478145.112465,328665.67,281141.4,47524.28
1768478146.114867,204713.18,220432.61,15719.43
1768478147.117234,255252.86,251437.69,3815.16
1768478148.119177,355294.32,311002.9,44291.42
1768478148.535508,359731.85,312452.29,47279.56
1768478149.120806,253324.37,241979.33,11345.03
1768478150.121919,316616.22,208221.83,108394.39
1768478151.12319,436399.19,330869.2,105529.99
1768478152.124864,174775.37,353207.52,178432.15
1768478153.126075,478206.87,298177.46,180029.4
1768478153.543342,294295.16,258118.94,36176.22
1768478154.128269,119923.63,245594.77,125671.14
1768478155.129916,138631.72,238891.73,100260.02
1768478156.132277,132657.0,198154.06,65497.05
1768478157.134061,291492.49,310834.39,19341.91
1768478158.139364,394135.5,287743.53,106391.97
1768478158.550702,374277.33,338327.91,35949.42
1768478163.559471,137051.25,183071.07,46019.82
1768478168.567593,282175.65,278775.04,3400.61
1768478173.575789,400267.36,255733.7,144533.66
1768478178.581365,477772.87,240489.74,237283.12
1768478183.589774,411487.06,313209.77,98277.29
1768478188.597326,162024.59,168033.0,6008.41
1768478193.605676,471967.08,469221.5,2745.57
1768478198.614435,287355.41,234282.15,53073.26
1768478203.624831,85414.36,209399.55,123985.2
1768478208.629668,358710.9,260241.62,98469.28
1768478213.639603,298552.11,292169.55,6382.55
1768478218.649127,272672.81,244165.83,28506.98
1768478223.658048,316313.56,289806.07,26507.49
1768478228.666424,248339.72,244004.74,4334.99
1768478233.676269,213625.15,216777.66,3152.51
1768478238.683026,315912.24,271193.93,44718.32
1768478243.692073,323493.25,336512.55,13019.3
1768478248.700388,83814.33,298796.33,214982.0
1768478253.70887,368576.52,326251.62,42324.91
1768478258.716217,170724.21,221584.18,50859.97
1768478263.719917,201402.66,236425.95,35023.29
1768478268.726393,434005.92,460390.8,26384.88
1768478273.728816,438571.15,343030.96,95540.19
1768478278.738406,75709.72,159093.39,83383.66
1768478283.747883,471967.08,331707.34,140259.74
1768478288.757603,484110.72,418049.91,66060.8
1768478293.76664,412743.54,325180.77,87562.77
1768478298.772217,311102.84,234123.82,76979.02
1768478303.781833,489141.89,470123.62,19018.26
1768478308.79225,427379.81,335667.16,91712.65
1768478313.802296,216382.01,240966.95,24584.93
1768478318.811626,351614.29,199221.75,152392.54
1768478323.821047,103307.77,193269.5,89961.73
1768478328.823391,65041.94,150877.37,85835.43
1768478333.83307,457394.82,312591.89,144802.93
1768478338.841338,362079.43,319206.73,42872.7
1768478343.846889,288414.08,243079.81,45334.27
1768478348.857389,415586.15,310508.68,105077.46
1768478353.869114,311102.84,256207.33,54895.51
1768478358.875895,171103.89,250387.97,79284.08
1768478363.880851,407472.9,334235.28,73237.62
1768478368.885427,337141.73,268079.32,69062.41
1768478373.895251,252510.91,223407.42,29103.48
1768478378.905541,445496.52,427595.37,17901.15
1768478383.915578,360780.23,203135.71,157644.52
1768478388.921741,191678.52,215247.89,23569.37
1768478393.930147,251676.88,297250.94,45574.05
1768478398.938265,234735.25,252297.37,17562.12
1768478403.946321,254897.94,246933.31,7964.63
1768478408.954711,293274.95,325960.83,32685.89
1768478413.963715,127269.5,248340.25,121070.75
1768478418.969595,304586.29,232172.49,72413.8
1768478423.978574,156681.68,237076.82,80395.15
1768478428.989151,132610.83,183252.08,50641.25
1768478433.997531,149516.42,163741.21,14224.79
1768478439.007186,429108.85,346338.45,82770.4
1768478444.016823,333007.32,316993.0,16014.32
1768478449.024344,300568.26,247361.38,53206.88
1768478454.033253,108985.94,174080.84,65094.9
1768478459.038446,261853.25,255186.84,6666.4
1768478464.049314,305812.49,220982.61,84829.89
1768478469.057127,310044.69,318468.93,8424.24
1768478474.066552,85097.24,111091.91,25994.67
1768478479.07301,290549.55,249357.83,41191.71
1768478484.082536,85814.67,126220.0,40405.33
1768478489.09136,468874.79,268696.03,200178.76
1768478494.100648,254897.94,250121.82,4776.12
1768478499.109685,360776.89,348600.1,12176.79
1768478504.115783,251272.84,242484.39,8788.44
1768478509.122014,138398.59,230479.7,92081.1
1768478514.130842,282311.52,262843.79,19467.73
1768478519.141532,461216.54,325224.34,135992.19
1768478524.150874,397635.17,394182.99,3452.17
1768478529.156154,308071.29,289242.24,18829.06
1768478534.164055,361338.76,317262.05,44076.7
1768478539.171002,311358.57,263503.97,47854.6
1768478544.18059,116354.26,177701.01,61346.75
1768478549.189833,104850.15,246738.65,141888.51
1768478554.198979,337723.89,382264.65,44540.76
1768478559.208107,166752.13,183489.03,16736.9
1768478564.218742,196511.51,228838.73,32327.22
1768478569.22531,268725.89,279914.91,11189.02
1768478574.233955,295007.6,282253.37,12754.23
1768478579.243627,410739.17,362143.99,48595.17
1768478584.248636,268186.43,237793.54,30392.89
1768478589.256501,247234.37,219669.68,27564.7
1768478594.265585,205911.18,195453.32,10457.86
1768478599.270735,344708.21,338938.84,5769.37
1768478604.279345,493485.86,373999.3,119486.56
1768478609.285816,151343.2,211828.02,60484.82
1768478614.295927,486800.61,321733.42,165067.2
1768478619.305156,96527.72,116440.7,19912.97
1768478624.315537,237098.66,226141.3,10957.36
1768478629.322082,160699.88,188732.41,28032.53
1768478634.330729,254230.95,283129.34,28898.38
1768478639.339642,344649.09,330951.5,13697.59
1768478644.343561,263045.72,314251.06,51205.34
1768478649.351153,338994.34,261617.15,77377.19
1768478654.360862,288425.25,329340.14,40914.89
1768478659.366891,215226.33,234900.58,19674.25
1768478664.375487,287355.41,311012.44,23657.03
1768478669.384356,78468.2,148932.07,70463.87
1768478674.394097,348067.34,321987.35,26079.99
1768478679.400973,289536.96,285680.98,3855.98
1768478684.405672,373756.99,298539.96,75217.02
1768478689.412272,152434.64,235699.84,83265.2
1768478694.421525,374120.57,347545.04,26575.52
1768478699.431132,449488.19,426630.93,22857.26
1768478704.440179,483762.21,426280.8,57481.41
1768478709.449597,50180.69,145576.65,95395.95
1768478714.459583,198194.57,199936.76,1742.19
1768478719.466013,68146.36,139606.34,71459.99
1768478724.474595,319237.73,328532.29,9294.55
1768478729.483181,334298.68,239935.07,94363.61
1768478734.492554,117639.78,253439.69,135799.91
1768478739.501233,385841.22,300351.94,85489.28
1768478744.511187,197123.95,215667.82,18543.87
1768478749.518079,335232.42,251939.27,83293.15
1768478754.526915,496441.48,444707.35,51734.13
1768478759.535527,227337.64,276215.26,48877.62
1768478764.54462,299326.27,240500.09,58826.19
1768478769.553537,347327.33,322131.06,25196.26
1768478774.563356,123306.19,375012.09,251705.9
1768478779.569809,160122.02,164611.85,4489.84
1768478784.578375,146554.17,159166.62,12612.45
1768478789.587236,291460.19,233246.19,58214.0
1768478794.594989,154106.92,171221.42,17114.5
1768478799.601882,50180.69,119230.56,69049.87
1768478804.607509,93089.39,182262.93,89173.54
1768478809.613763,280659.3,253108.76,27550.54
1768478814.623334,353384.13,307011.71,46372.42
1768478819.633044,215468.83,278114.03,62645.21
1768478824.642252,178030.38,208045.05,30014.67
1768478829.651225,243642.39,275158.84,31516.45
1768478834.66037,314964.62,289063.76,25900.86
1768478839.666945,219340.32,238600.52,19260.21
1768478844.675774,342872.58,216714.08,126158.5
1768478849.684524,311641.2,230604.2,81037.01
1768478854.693183,82960.52,157891.39,74930.87
1768478859.700502,162481.54,163965.13,1483.59
1768478864.710444,347886.43,339223.32,8663.11
1768478869.716673,452341.12,382306.95,70034.16
1768478874.725521,194320.47,251347.52,57027.04
1768478879.734241,96527.72,154376.0,57848.28
1768478884.743172,60975.95,168376.86,107400.91
1768478889.751567,302517.6,312516.66,9999.06
1768478894.760749,79520.34,112334.71,32814.36
1768478899.776366,366289.9,410889.3,44599.4
1768478904.782355,465898.3,369811.64,96086.65
1768478909.791667,447276.42,293532.63,153743.79
1768478914.801599,82658.66,129656.7,46998.04
1768478919.810957,64397.51,227355.88,162958.37
1768478924.819628,129507.04,174381.83,44874.79
1768478929.825648,291460.19,236098.23,55361.96
1768478934.830144,170724.21,243946.52,73222.31
1768478939.839971,186476.46,194883.11,8406.65
1768478944.84902,359346.59,351956.45,7390.14
1768478949.858363,455408.48,386429.15,68979.32
1768478954.868132,241057.67,226461.1,14596.57
1768478959.875579,70145.77,90841.13,20695.35
1768478964.884673,387801.06,318728.44,69072.61
1768478969.893613,216222.19,203409.0,12813.2
1768478974.902005,74820.47,169128.61,94308.14
1768478979.907438,362079.43,280486.56,81592.86
1768478984.915371,410608.43,310562.28,100046.15
1768478989.914772,132610.83,156343.95,23733.11
1768478994.926135,217943.32,304525.84,86582.53
1768478999.934945,189334.31,223579.6,34245.29
1768479004.943748,324287.83,294199.46,30088.37
1768479009.953969,82658.66,152937.19,70278.53
1768479014.964412,377991.73,283008.09,94983.64
1768479019.970982,160699.88,153877.79,6822.09
1768479024.979167,117170.61,198813.91,81643.3
1768479029.989117,144233.02,158010.48,13777.46
1768479034.99921,203870.52,251867.64,47997.12
1768479040.003975,401900.82,379833.9,22066.92
1768479045.012535,455529.93,354276.52,101253.41
1768479050.019041,313418.94,248356.28,65062.66
1768479055.027259,70731.13,126267.62,55536.5
1768479060.036028,405180.79,384942.61,20238.18
1768479065.045254,340185.22,279087.13,61098.09
1768479070.050525,456372.79,418998.96,37373.84
1768479075.059716,93256.63,139062.31,45805.68
1768479080.066504,222590.53,229832.35,7241.82
1768479085.07544,101192.88,176021.46,74828.58
1768479090.084853,102561.85,235921.1,133359.25
1768479095.093618,123306.19,339425.34,216119.14
1768479100.097791,228935.74,211857.87,17077.87
1768479105.107079,71177.54,140952.2,69774.66
1768479110.114087,442198.34,311821.53,130376.81
1768479115.123851,123306.19,338435.91,215129.72
1768479120.132772,247778.5,232178.56,15599.94
1768479125.143289,444452.22,462083.13,17630.91
1768479130.15227,215038.43,243466.77,28428.33
1768479135.162179,81045.5,140765.64,59720.13
1768479140.168619,484543.93,366850.42,117693.51
1768479145.177172,107333.63,203091.02,95757.39
1768479150.185754,153538.02,224191.46,70653.44
1768479155.193423,294073.95,331453.32,37379.37
1768479160.202811,426479.09,331449.85,95029.25
1768479165.212724,221633.96,222364.96,730.99
1768479170.219452,187807.66,251875.36,64067.7
1768479175.228252,175492.37,194138.61,18646.25
1768479180.23697,354683.17,220586.16,134097.01
1768479185.245698,108066.38,149449.64,41383.26
1768479190.254453,241057.67,224442.25,16615.42
1768479195.26424,437731.23,233105.88,204625.34
1768479200.271282,473288.0,351365.89,121922.11
1768479205.279806,368576.52,321824.02,46752.51
1768479210.288997,483717.95,388958.55,94759.4
1768479215.297422,276606.53,196701.25,79905.28
1768479220.306661,493218.1,437893.19,55324.91
1768479225.315355,310608.41,293822.62,16785.79
1768479230.322403,236059.6,274556.86,38497.27
1768479235.331383,298322.93,239854.7,58468.23
1768479240.34022,263911.58,292467.38,28555.8
1768479245.348376,470126.92,362481.12,107645.8
1768479250.357222,419288.7,354375.12,64913.58
1768479255.366767,116645.36,114584.31,2061.05
1768479260.373468,240883.28,238848.13,2035.14
1768479265.383135,63975.59,140491.31,76515.71
1768479270.391979,441094.58,323714.42,117380.16
1768479275.400608,165331.57,316458.62,151127.05
1768479280.409424,85662.32,166500.97,80838.65
1768479285.418181,215274.97,277343.8,62068.84
1768479290.424106,447276.42,403274.4,44002.02
1768479295.435051,342772.94,317795.89,24977.05
1768479300.443489,306799.06,331916.2,25117.14
1768479305.450831,370994.78,338023.93,32970.85
1768479310.458378,434799.24,394597.42,40201.82
1768479315.468169,324260.49,352106.23,27845.74
1768479320.474329,174842.03,223147.58,48305.55
1768479325.484852,135973.34,165459.57,29486.23
1768479330.49417,74321.43,122499.2,48177.77
1768479335.50322,377991.73,261785.83,116205.89
1768479340.512615,275089.07,244792.54,30296.53
1768479345.51897,92632.51,193485.99,100853.48
1768479350.525934,489235.25,329643.96,159591.29
1768479355.534648,368576.52,283741.45,84835.08
1768479360.542169,405068.27,391749.35,13318.92
